# system info tanh_qsys_tb on 2021.12.15.08:47:11
system_info:
name,value
DEVICE,EP4CE115F29C7
DEVICE_FAMILY,Cyclone IV E
GENERATION_ID,1639554431
#
#
# Files generated for tanh_qsys_tb on 2021.12.15.08:47:11
files:
filepath,kind,attributes,module,is_top
tanh_qsys/testbench/tanh_qsys_tb/simulation/tanh_qsys_tb.v,VERILOG,,tanh_qsys_tb,true
tanh_qsys/testbench/tanh_qsys_tb/simulation/submodules/tanh_qsys.v,VERILOG,,tanh_qsys,false
tanh_qsys/testbench/tanh_qsys_tb/simulation/submodules/verbosity_pkg.sv,SYSTEM_VERILOG, COMMON_SYSTEMVERILOG_PACKAGE=avalon_vip_verbosity_pkg,altera_avalon_clock_source,false
tanh_qsys/testbench/tanh_qsys_tb/simulation/submodules/altera_avalon_clock_source.sv,SYSTEM_VERILOG,,altera_avalon_clock_source,false
tanh_qsys/testbench/tanh_qsys_tb/simulation/submodules/verbosity_pkg.sv,SYSTEM_VERILOG, COMMON_SYSTEMVERILOG_PACKAGE=avalon_vip_verbosity_pkg,altera_avalon_reset_source,false
tanh_qsys/testbench/tanh_qsys_tb/simulation/submodules/altera_avalon_reset_source.sv,SYSTEM_VERILOG,,altera_avalon_reset_source,false
#
# Map from instance-path to kind of module
instances:
instancePath,module
tanh_qsys_tb.tanh_qsys_inst,tanh_qsys
tanh_qsys_tb.tanh_qsys_inst_clk_bfm,altera_avalon_clock_source
tanh_qsys_tb.tanh_qsys_inst_reset_bfm,altera_avalon_reset_source
