<?xml version="1.0"?>
<XML_COMPONENT_DATA>
<COPYRIGHT>The data in this file is copyright 2015 of AWR Corporation</COPYRIGHT>
<SUMMARY>This file contains data on the AWR Demo RF Board Process</SUMMARY>
<LPFNAME>AWR_RFBoard_2layer.lpf</LPFNAME>

<FOLDER Name="0201" Icon="Inductor">
	<COMPONENT Name="1nH 0201 Top">
		<MODEL>SRL</MODEL>
		<HELP>../Documentation/AWR_RFBoard_2Layer_Help.txt</HELP>
		<DESC>1.0 nH 0201 Inductor Top</DESC>
		<SYMBOL>Inductor@system.syf</SYMBOL>
		<CELL>AWR_PCB_SMTpads*</CELL>
		<DATA DataType="awrmodel" Inline="yes">
			<PARAM Name="ID">L</PARAM>
			<PARAM Name="L">1e-9</PARAM>
			<PARAM Name="R" HideWeak="yes">0.1</PARAM>
		</DATA>
			<PROPERTY Name="User:Case" Value="0201"></PROPERTY>
			<PROPERTY Name="User:Layer" Value="Top"></PROPERTY>
			<PROPERTY Name="LineType*" Value="0"></PROPERTY>
			<PROPERTY Name="PadLen*" Value="0.3e-3"></PROPERTY>
			<PROPERTY Name="PadWide*" Value="0.35e-3"></PROPERTY>
			<PROPERTY Name="PadSpace*" Value="0.3e-3"></PROPERTY>
			<PROPERTY Name="ComponentType*" Value="1"></PROPERTY>	
			<PROPERTY Name="Text*" Value="L"></PROPERTY>
			<PROPERTY Name="GetID*" Value="1"></PROPERTY>	
			<PROPERTY Name="PolygonText*" Value="1"></PROPERTY>
			<PROPERTY Name="SNAME*" Value="SMTpad"></PROPERTY>	 	 
	</COMPONENT>		

	<COMPONENT Name="1nH 0201 Bottom">
		<MODEL>SRL</MODEL>
		<HELP>../Documentation/AWR_RFBoard_2Layer_Help.txt</HELP>
		<DESC>1.0 nH 0201 Inductor Bottom</DESC>
		<SYMBOL>Inductor@system.syf</SYMBOL>
		<CELL>AWR_PCB_SMTpads*</CELL>
		<DATA DataType="awrmodel" Inline="yes">
			<PARAM Name="ID">L</PARAM>
			<PARAM Name="L">1e-9</PARAM>
			<PARAM Name="R" HideWeak="yes">0.1</PARAM>
		</DATA>
			<PROPERTY Name="User:Case" Value="0201"></PROPERTY>
			<PROPERTY Name="User:Layer" Value="Bottom"></PROPERTY>
			<PROPERTY Name="LineType*" Value="0"></PROPERTY>
			<PROPERTY Name="PadLen*" Value="0.3e-3"></PROPERTY>
			<PROPERTY Name="PadWide*" Value="0.35e-3"></PROPERTY>
			<PROPERTY Name="PadSpace*" Value="0.3e-3"></PROPERTY>
			<PROPERTY Name="ComponentType*" Value="1"></PROPERTY>	
			<PROPERTY Name="Text*" Value="L"></PROPERTY>
			<PROPERTY Name="GetID*" Value="1"></PROPERTY>	
			<PROPERTY Name="PolygonText*" Value="1"></PROPERTY>
			<PROPERTY Name="SNAME*" Value="SMTpadBottom"></PROPERTY>	 	 
	</COMPONENT>	
</FOLDER>

<FOLDER Name="0402" Icon="Inductor">
	<COMPONENT Name="1 nH 0402 Top">
		<MODEL>SRL</MODEL>
		<HELP>../Documentation/AWR_RFBoard_2Layer_Help.txt</HELP>
		<DESC>1.0 nH 0402 Inductor Top Side</DESC>
		<SYMBOL>Inductor@system.syf</SYMBOL>
		<CELL>AWR_PCB_SMTpads*</CELL>
		<DATA DataType="awrmodel" Inline="yes">
			<PARAM Name="ID">L</PARAM>
			<PARAM Name="L">1e-9</PARAM>
			<PARAM Name="R" HideWeak="yes">0.1</PARAM>
		</DATA>
			<PROPERTY Name="User:Case" Value="0402"></PROPERTY>
			<PROPERTY Name="User:Layer" Value="Top"></PROPERTY>
			<PROPERTY Name="LineType*" Value="0"></PROPERTY>
			<PROPERTY Name="PadLen*" Value="0.5e-3"></PROPERTY>
			<PROPERTY Name="PadWide*" Value="0.6e-3"></PROPERTY>
			<PROPERTY Name="PadSpace*" Value="0.5e-3"></PROPERTY>
			<PROPERTY Name="ComponentType*" Value="1"></PROPERTY>	
			<PROPERTY Name="Text*" Value="L"></PROPERTY>
			<PROPERTY Name="GetID*" Value="1"></PROPERTY>	
			<PROPERTY Name="PolygonText*" Value="1"></PROPERTY>
			<PROPERTY Name="SNAME*" Value="SMTpad"></PROPERTY>	 	 
		</COMPONENT>

	<COMPONENT Name="1 nH 0402 Bottom">
	<MODEL>SRL</MODEL>
	<HELP>../Documentation/AWR_RFBoard_2Layer_Help.txt</HELP>
	<DESC>1.0 nH 0402 Inductor Bottom Side</DESC>
	<SYMBOL>Inductor@system.syf</SYMBOL>
	<CELL>AWR_PCB_SMTpads*</CELL>
	<DATA DataType="awrmodel" Inline="yes">
		<PARAM Name="ID">L</PARAM>
		<PARAM Name="L">1e-9</PARAM>
		<PARAM Name="R" HideWeak="yes">0.1</PARAM>
	</DATA>
		<PROPERTY Name="User:Case" Value="0402"></PROPERTY>
		<PROPERTY Name="User:Layer" Value="Bottom"></PROPERTY>
		<PROPERTY Name="LineType*" Value="0"></PROPERTY>
		<PROPERTY Name="PadLen*" Value="0.5e-3"></PROPERTY>
		<PROPERTY Name="PadWide*" Value="0.6e-3"></PROPERTY>
		<PROPERTY Name="PadSpace*" Value="0.5e-3"></PROPERTY>
		<PROPERTY Name="ComponentType*" Value="1"></PROPERTY>	
		<PROPERTY Name="Text*" Value="L"></PROPERTY>
		<PROPERTY Name="GetID*" Value="1"></PROPERTY>	
		<PROPERTY Name="PolygonText*" Value="1"></PROPERTY>
		<PROPERTY Name="SNAME*" Value="SMTpadBottom"></PROPERTY>	 	 
	</COMPONENT>
</FOLDER>

<FOLDER Name="0603" Icon="Inductor">
	<COMPONENT Name="1 nH 0603 Top">
	<MODEL>SRL</MODEL>
	<HELP>../Documentation/AWR_RFBoard_2Layer_Help.txt</HELP>
	<DESC>1.0 nH 0603 Inductor Top Side</DESC>
	<SYMBOL>Inductor@system.syf</SYMBOL>
	<CELL>AWR_PCB_SMTpads*</CELL>
	<DATA DataType="awrmodel" Inline="yes">
		<PARAM Name="ID">L</PARAM>
		<PARAM Name="L">1e-9</PARAM>
		<PARAM Name="R" HideWeak="yes">0.1</PARAM>
	</DATA>
		<PROPERTY Name="User:Case" Value="0603"></PROPERTY>
		<PROPERTY Name="User:Layer" Value="Top"></PROPERTY>
		<PROPERTY Name="LineType*" Value="0"></PROPERTY>
		<PROPERTY Name="PadLen*" Value="0.6e-3"></PROPERTY>
		<PROPERTY Name="PadWide*" Value="0.9e-3"></PROPERTY>
		<PROPERTY Name="PadSpace*" Value="0.9e-3"></PROPERTY>
		<PROPERTY Name="ComponentType*" Value="1"></PROPERTY>	
		<PROPERTY Name="Text*" Value="L"></PROPERTY>
		<PROPERTY Name="GetID*" Value="1"></PROPERTY>	
		<PROPERTY Name="PolygonText*" Value="1"></PROPERTY>
		<PROPERTY Name="SNAME*" Value="SMTpad"></PROPERTY>	 	 
	</COMPONENT>

	<COMPONENT Name="1 nH 0603 Bottom">
	<MODEL>SRL</MODEL>
	<HELP>../Documentation/AWR_RFBoard_2Layer_Help.txt</HELP>
	<DESC>1.0 nH 0603 Inductor Bottom Side</DESC>
	<SYMBOL>Inductor@system.syf</SYMBOL>
	<CELL>AWR_PCB_SMTpads*</CELL>
	<DATA DataType="awrmodel" Inline="yes">
		<PARAM Name="ID">L</PARAM>
		<PARAM Name="L">1e-9</PARAM>
		<PARAM Name="R" HideWeak="yes">0.1</PARAM>
	</DATA>
		<PROPERTY Name="User:Case" Value="0603"></PROPERTY>
		<PROPERTY Name="User:Layer" Value="Bottom"></PROPERTY>
		<PROPERTY Name="LineType*" Value="0"></PROPERTY>
		<PROPERTY Name="PadLen*" Value="0.6e-3"></PROPERTY>
		<PROPERTY Name="PadWide*" Value="0.9e-3"></PROPERTY>
		<PROPERTY Name="PadSpace*" Value="0.9e-3"></PROPERTY>
		<PROPERTY Name="ComponentType*" Value="1"></PROPERTY>	
		<PROPERTY Name="Text*" Value="L"></PROPERTY>
		<PROPERTY Name="GetID*" Value="1"></PROPERTY>	
		<PROPERTY Name="PolygonText*" Value="1"></PROPERTY>
		<PROPERTY Name="SNAME*" Value="SMTpadBottom"></PROPERTY>	 	 
	</COMPONENT>
</FOLDER>

<FOLDER Name="0805" Icon="Inductor">
	<COMPONENT Name="1 nH 0805 Top">
	<MODEL>SRL</MODEL>
	<HELP>../Documentation/AWR_RFBoard_2Layer_Help.txt</HELP>
	<DESC>1.0 nH 0805 Inductor Top Side</DESC>
	<SYMBOL>Inductor@system.syf</SYMBOL>
	<CELL>AWR_PCB_SMTpads*</CELL>
	<DATA DataType="awrmodel" Inline="yes">
		<PARAM Name="ID">L</PARAM>
		<PARAM Name="L">1e-9</PARAM>
		<PARAM Name="R" HideWeak="yes">0.1</PARAM>
	</DATA>
		<PROPERTY Name="User:Case" Value="0805"></PROPERTY>
		<PROPERTY Name="User:Layer" Value="Top"></PROPERTY>
		<PROPERTY Name="LineType*" Value="0"></PROPERTY>
		<PROPERTY Name="PadLen*" Value="0.625e-3"></PROPERTY>
		<PROPERTY Name="PadWide*" Value="1.3e-3"></PROPERTY>
		<PROPERTY Name="PadSpace*" Value="1.5e-3"></PROPERTY>
		<PROPERTY Name="ComponentType*" Value="1"></PROPERTY>	
		<PROPERTY Name="Text*" Value="L"></PROPERTY>
		<PROPERTY Name="GetID*" Value="1"></PROPERTY>	
		<PROPERTY Name="PolygonText*" Value="1"></PROPERTY>
		<PROPERTY Name="SNAME*" Value="SMTpad"></PROPERTY>	 	 
	</COMPONENT>

	<COMPONENT Name="1 nH 0805 Bottom">
	<MODEL>SRL</MODEL>
	<HELP>../Documentation/AWR_RFBoard_2Layer_Help.txt</HELP>
	<DESC>1.0 nH 0805 Inductor Bottom Side</DESC>
	<SYMBOL>Inductor@system.syf</SYMBOL>
	<CELL>AWR_PCB_SMTpads*</CELL>
	<DATA DataType="awrmodel" Inline="yes">
		<PARAM Name="ID">L</PARAM>
		<PARAM Name="L">1e-9</PARAM>
		<PARAM Name="R" HideWeak="yes">0.1</PARAM>
	</DATA>
		<PROPERTY Name="User:Case" Value="0805"></PROPERTY>
		<PROPERTY Name="User:Layer" Value="Bottom"></PROPERTY>
		<PROPERTY Name="LineType*" Value="0"></PROPERTY>
		<PROPERTY Name="PadLen*" Value="0.625e-3"></PROPERTY>
		<PROPERTY Name="PadWide*" Value="1.3e-3"></PROPERTY>
		<PROPERTY Name="PadSpace*" Value="1.5e-3"></PROPERTY>
		<PROPERTY Name="ComponentType*" Value="1"></PROPERTY>	
		<PROPERTY Name="Text*" Value="L"></PROPERTY>
		<PROPERTY Name="GetID*" Value="1"></PROPERTY>	
		<PROPERTY Name="PolygonText*" Value="1"></PROPERTY>
		<PROPERTY Name="SNAME*" Value="SMTpadBottom"></PROPERTY>	 	 
	</COMPONENT>
</FOLDER>

</XML_COMPONENT_DATA>
