{
	"partitions" : [
		{
			"name" : "Top",
			"pins" : [
				{
					"name" : "num_salida1[0]",
					"strict" : false
				},
				{
					"name" : "num_salida1[1]",
					"strict" : false
				},
				{
					"name" : "num_salida1[2]",
					"strict" : false
				},
				{
					"name" : "num_salida1[3]",
					"strict" : false
				},
				{
					"name" : "num_salida1[4]",
					"strict" : false
				},
				{
					"name" : "num_salida1[5]",
					"strict" : false
				},
				{
					"name" : "num_salida1[6]",
					"strict" : false
				},
				{
					"name" : "num_salida1[7]",
					"strict" : false
				},
				{
					"name" : "num_salida1[8]",
					"strict" : false
				},
				{
					"name" : "num_salida1[9]",
					"strict" : false
				},
				{
					"name" : "num_salida1[10]",
					"strict" : false
				},
				{
					"name" : "num_salida1[11]",
					"strict" : false
				},
				{
					"name" : "num_salida1[12]",
					"strict" : false
				},
				{
					"name" : "num_salida1[13]",
					"strict" : false
				},
				{
					"name" : "num_salida1[14]",
					"strict" : false
				},
				{
					"name" : "num_salida1[15]",
					"strict" : false
				},
				{
					"name" : "num_salida1[16]",
					"strict" : false
				},
				{
					"name" : "num_salida1[17]",
					"strict" : false
				},
				{
					"name" : "num_salida1[18]",
					"strict" : false
				},
				{
					"name" : "num_salida1[19]",
					"strict" : false
				},
				{
					"name" : "num_salida1[20]",
					"strict" : false
				},
				{
					"name" : "num_salida1[21]",
					"strict" : false
				},
				{
					"name" : "num_salida1[22]",
					"strict" : false
				},
				{
					"name" : "num_salida1[23]",
					"strict" : false
				},
				{
					"name" : "num_salida1[24]",
					"strict" : false
				},
				{
					"name" : "num_salida1[25]",
					"strict" : false
				},
				{
					"name" : "num_salida1[26]",
					"strict" : false
				},
				{
					"name" : "num_salida1[27]",
					"strict" : false
				},
				{
					"name" : "num_salida1[28]",
					"strict" : false
				},
				{
					"name" : "num_salida1[29]",
					"strict" : false
				},
				{
					"name" : "num_salida1[30]",
					"strict" : false
				},
				{
					"name" : "num_salida1[31]",
					"strict" : false
				},
				{
					"name" : "clk",
					"strict" : false
				},
				{
					"name" : "num_entrada[0]",
					"strict" : false
				},
				{
					"name" : "num_entrada[24]",
					"strict" : false
				},
				{
					"name" : "num_entrada[26]",
					"strict" : false
				},
				{
					"name" : "num_entrada[23]",
					"strict" : false
				},
				{
					"name" : "num_entrada[25]",
					"strict" : false
				},
				{
					"name" : "num_entrada[27]",
					"strict" : false
				},
				{
					"name" : "num_entrada[28]",
					"strict" : false
				},
				{
					"name" : "num_entrada[29]",
					"strict" : false
				},
				{
					"name" : "num_entrada[30]",
					"strict" : false
				},
				{
					"name" : "num_entrada[1]",
					"strict" : false
				},
				{
					"name" : "num_entrada[2]",
					"strict" : false
				},
				{
					"name" : "num_entrada[3]",
					"strict" : false
				},
				{
					"name" : "num_entrada[4]",
					"strict" : false
				},
				{
					"name" : "num_entrada[5]",
					"strict" : false
				},
				{
					"name" : "num_entrada[6]",
					"strict" : false
				},
				{
					"name" : "num_entrada[7]",
					"strict" : false
				},
				{
					"name" : "num_entrada[8]",
					"strict" : false
				},
				{
					"name" : "num_entrada[9]",
					"strict" : false
				},
				{
					"name" : "num_entrada[10]",
					"strict" : false
				},
				{
					"name" : "num_entrada[11]",
					"strict" : false
				},
				{
					"name" : "num_entrada[12]",
					"strict" : false
				},
				{
					"name" : "num_entrada[13]",
					"strict" : false
				},
				{
					"name" : "num_entrada[14]",
					"strict" : false
				},
				{
					"name" : "num_entrada[15]",
					"strict" : false
				},
				{
					"name" : "num_entrada[16]",
					"strict" : false
				},
				{
					"name" : "num_entrada[17]",
					"strict" : false
				},
				{
					"name" : "num_entrada[18]",
					"strict" : false
				},
				{
					"name" : "num_entrada[19]",
					"strict" : false
				},
				{
					"name" : "num_entrada[20]",
					"strict" : false
				},
				{
					"name" : "num_entrada[21]",
					"strict" : false
				},
				{
					"name" : "num_entrada[22]",
					"strict" : false
				},
				{
					"name" : "num_entrada[31]",
					"strict" : false
				}
			]
		}
	]
}